Name,Description
age,Description
alone,Description
amazing,Description
anger,Description
architecture,Description
art,Description
attitude,Description
beauty,Description
best,Description
birthday,Description
business,Description
car,Description
change,Description
communications,Description
computers,Description
cool,Description
courage,Description
dad,Description
dating,Description
death,Description
design,Description
dreams,Description
education,Description
environmental,Description
equality,Description
experience,Description
failure,Description
faith,Description
family,Description
famous,Description
fear,Description
fitness,Description
food,Description
forgiveness,Description
freedom,Description
friendship,Description
funny,Description
future,Description
god,Description
good,Description
government,Description
graduation,Description
great,Description
happiness,Description
health,Description
history,Description
home,Description
hope,Description
humor,Description
imagination,Description
inspirational,Description
intelligence,Description
jealousy,Description
knowledge,Description
leadership,Description
learning,Description
legal,Description
life,Description
love,Description
marriage,Description
medical,Description
men,Description
mom,Description
money,Description
morning,Description
movies,Description
success,Description